"","ActivityDesc","Subject","tBodyAcc-mean()-X","tBodyAcc-mean()-Y","tBodyAcc-mean()-Z","tBodyAcc-std()-X","tBodyAcc-std()-Y","tBodyAcc-std()-Z","fBodyAcc-mean()-X","fBodyAcc-mean()-Y","fBodyAcc-mean()-Z","fBodyAcc-std()-X","fBodyAcc-std()-Y","fBodyAcc-std()-Z"
"1","STANDING",2,0.277911472222222,-0.0184208270166667,-0.105908536055556,-0.987271889259259,-0.957304989259259,-0.949741851296296,-0.983946739814815,-0.959871697407407,-0.962471195740741,-0.989056469814815,-0.957908842222222,-0.946433583518518
"2","SITTING",2,0.27708735173913,-0.0156879937282609,-0.109218272456522,-0.986822279565217,-0.950704499130435,-0.95982817173913,-0.985803840652174,-0.957343498478261,-0.970162172608696,-0.98736209,-0.950073754130435,-0.956862864130435
"3","LAYING",2,0.281373403958333,-0.0181587397583333,-0.107245610416667,-0.974059464791667,-0.98027739875,-0.984233296875,-0.976725059791667,-0.979800877916667,-0.984380981875,-0.973246482083333,-0.981025105625,-0.984792185
"4","WALKING",2,0.276426586440678,-0.0185949199145763,-0.105500357966102,-0.423642838474576,-0.0780912533118644,-0.425257524915254,-0.346048161016949,-0.0219048103322034,-0.453806369830508,-0.457651383728814,-0.16921968620339,-0.455222146440678
"5","WALKING_DOWNSTAIRS",2,0.27761534806383,-0.0226614158361702,-0.116812942382979,0.0463666814446808,0.262881788951064,-0.10283790806383,0.112841160325532,0.278345041765957,-0.131290772,0.0161046198595745,0.171973972957447,-0.162032894287234
"6","WALKING_UPSTAIRS",2,0.247164790395833,-0.0214121132045833,-0.152513899520833,-0.304376406458333,0.108027279889583,-0.112121021220833,-0.266720933270833,0.00992445881854167,-0.281001986202083,-0.320582414375,0.0848802791083333,-0.09454497643125
"7","STANDING",4,0.280499745892857,-0.00948911098553571,-0.0961574905535714,-0.97692058,-0.86159737875,-0.896880538392857,-0.973497549642857,-0.889549205,-0.93164342125,-0.978737637678571,-0.857380281803571,-0.887554317678571
"8","SITTING",4,0.27153827992,-0.007163065158,-0.10587459588,-0.980309931,-0.89022398108,-0.9322030066,-0.9774624984,-0.9057829318,-0.9517837432,-0.9819081892,-0.8894673494,-0.9269993168
"9","LAYING",4,0.263559214981481,-0.0150031841055556,-0.110688150314815,-0.954193738888889,-0.941714042407407,-0.962667314814815,-0.958802077592593,-0.938883374444444,-0.967504278888889,-0.952464881481481,-0.946380971111111,-0.962154454259259
"10","WALKING",4,0.278582015166667,-0.0148399475341667,-0.11140306485,-0.440829971333333,-0.0788267367683333,-0.586252806833333,-0.426719449666667,-0.14939963344,-0.631005470833333,-0.447234929666667,-0.101799450565167,-0.594198325666667
"11","WALKING_DOWNSTAIRS",4,0.279965329555556,-0.00980200850666667,-0.1067775246,0.0111935496222222,-0.21859832499,-0.479185977111111,-0.0722392276888889,-0.129606639466667,-0.494683451555556,0.0390098262533333,-0.32253131772,-0.512694303111111
"12","WALKING_UPSTAIRS",4,0.270876696730769,-0.0319804295729615,-0.114219455519231,-0.204933042903846,-0.0666899105180769,-0.372137777692308,-0.294488270365385,-0.117109161492308,-0.524655722692308,-0.173217219014423,-0.101434446040385,-0.345109817692308
"13","STANDING",9,0.282310057333333,-0.0200454954022222,-0.0952747481333333,-0.975741252444444,-0.938635759333333,-0.919295805777778,-0.971662692,-0.944849431777778,-0.941686874222222,-0.977579248444444,-0.938790016888889,-0.913896832222222
"14","SITTING",9,0.24832674354,-0.02701677698,-0.07537846886,-0.9572277914,-0.875141405,-0.83200187268,-0.959413594,-0.911683219,-0.8922013438,-0.956903459,-0.86761360746,-0.818001834824
"15","LAYING",9,0.2591955368,-0.020526821662,-0.10754972144,-0.94233309,-0.9162927764,-0.9407072854,-0.946865494,-0.9343665984,-0.9459190006,-0.9409810272,-0.9128367508,-0.9419711636
"16","WALKING",9,0.278502842115385,-0.0180891971284423,-0.110820512307692,-0.238353562692308,-0.201696960826923,-0.0579636469030769,-0.294711163653846,-0.257677616153846,-0.250806259788462,-0.218019977423077,-0.223972558596154,-0.0337965256573077
"17","WALKING_DOWNSTAIRS",9,0.295923445,-0.0203994269075476,-0.0910278793952381,0.213392270547619,-0.208310705504762,-0.00771530035714285,0.103128506197619,-0.183120455428571,-0.103705822657857,0.250488758869048,-0.273561385142857,-0.0349494927142857
"18","WALKING_UPSTAIRS",9,0.262436475714286,-0.0195101099975714,-0.125219003959184,-0.36144437755102,-0.302206203816327,-0.253434083542857,-0.342735952653061,-0.405022798163265,-0.384710423408163,-0.369815777346939,-0.297641062755102,-0.244081808302041
"19","STANDING",10,0.276650300681818,-0.0155418603409091,-0.107964083931818,-0.978403481818182,-0.919561843409091,-0.941271440454545,-0.970099814318182,-0.923378745227273,-0.955272383863636,-0.982949246136364,-0.921860476590909,-0.938098683181818
"20","SITTING",10,0.270612056481481,-0.015042681852037,-0.104253238796296,-0.982901825925926,-0.917979529962963,-0.967826981666667,-0.984943144259259,-0.9404502,-0.97464465462963,-0.982242427777778,-0.912838063018519,-0.966121042592593
"21","LAYING",10,0.280230574137931,-0.024294484137931,-0.117168642362069,-0.968283685,-0.946454302068966,-0.95947148637931,-0.96918420862069,-0.954341849137931,-0.964300845172414,-0.96796803862069,-0.946229148258621,-0.959813667810345
"22","WALKING",10,0.278574076603774,-0.017022351190566,-0.109057512132075,-0.178709734396226,-0.0227431651698113,-0.395645072075472,-0.114190001283019,0.0533911909886792,-0.41218272245283,-0.206366497226415,-0.129775706316981,-0.435304215660377
"23","WALKING_DOWNSTAIRS",10,0.290401594315789,-0.0200050770710526,-0.110848597247368,0.295733547631579,0.00407915363157895,-0.183557562032895,0.215665273157895,0.00904660360263158,-0.157728357742105,0.324957743157895,-0.0633337717526316,-0.268686170263158
"24","WALKING_UPSTAIRS",10,0.267121853404255,-0.0143854920340426,-0.118180420834043,-0.161591924234043,-0.00555287692765957,-0.0738744931340426,-0.139410790617021,-0.0390688222212766,-0.301206408085106,-0.171957349438298,-0.051628469647234,-0.0342347233914894
"25","STANDING",12,0.277405834918033,-0.0169002543196721,-0.105526999754098,-0.981243992459016,-0.923140254098361,-0.920684800114754,-0.976469472295082,-0.932775677704918,-0.947178200163934,-0.983647207377049,-0.922852028360656,-0.914189183770492
"26","SITTING",12,0.275007224901961,-0.0157892988523529,-0.106307228960784,-0.982568781960784,-0.92858124,-0.939661889019608,-0.97966614372549,-0.942768016862745,-0.954626628823529,-0.98399947745098,-0.926033975686275,-0.935916958235294
"27","LAYING",12,0.260113433,-0.0175203917146667,-0.108160125666667,-0.95531868,-0.949072009333333,-0.9483338435,-0.956248487666667,-0.951265971,-0.954724801666667,-0.955207641833333,-0.9506400405,-0.948380833666667
"28","WALKING",12,0.2771286656,-0.015560927606,-0.10316110632,-0.128898533096,-0.122783290008,-0.4106060626,-0.05435763951,-0.071302455092,-0.4223253002,-0.160707260634,-0.20851528006,-0.4521466944
"29","WALKING_DOWNSTAIRS",12,0.281521097391304,-0.018084266865793,-0.10955593226087,0.0424084916086956,0.11083534373913,-0.425017413478261,0.0235049348717391,0.150510001156522,-0.402121221521739,0.0483347068913043,0.016749510173913,-0.48739012673913
"30","WALKING_UPSTAIRS",12,0.272970338653846,-0.0263574903403846,-0.107339730115385,-0.290149192307692,-0.103818259823077,-0.436697425576923,-0.321447925192308,-0.168341519859615,-0.560841212692308,-0.278929748076923,-0.130175559028846,-0.418599992115385
"31","STANDING",13,0.277758431052632,-0.0167891993964912,-0.112124137754386,-0.991020759298246,-0.949422439473684,-0.967538031754386,-0.989425965614035,-0.959427618245614,-0.97756730122807,-0.991817705263158,-0.947179813157895,-0.964048080877193
"32","SITTING",13,0.274328499591837,-0.00587732936326531,-0.0972465110836735,-0.989546275306122,-0.938967741632653,-0.938641215510204,-0.990135477755102,-0.959673916122449,-0.956183063510204,-0.989410582653061,-0.933666502510204,-0.934189007346939
"33","LAYING",13,0.276716360483871,-0.020440454366129,-0.104331864532258,-0.968891989354839,-0.950947949516129,-0.950392995483871,-0.974716920483871,-0.965843757258064,-0.966295582741935,-0.966960088387097,-0.947462328225806,-0.945852135806452
"34","WALKING",13,0.275883130350877,-0.0185660651947368,-0.111431456192982,-0.346980394210526,0.141866689392982,-0.220503537026316,-0.335030121052632,0.0955150666694737,-0.246851507561404,-0.353299848947368,0.0921968931052632,-0.269896395250877
"35","WALKING_DOWNSTAIRS",13,0.294907553404255,-0.0143723839108511,-0.101993941531915,-0.0681563626617021,-0.03212524665,-0.158333146191489,-0.0726602663212766,-0.0364535247659574,-0.151178724793617,-0.0680436217021277,-0.0924444167085106,-0.233315176510213
"36","WALKING_UPSTAIRS",13,0.258203939581818,-0.0277392253910909,-0.125767265890909,-0.296284597454545,0.104470773801818,-0.217210568085455,-0.382460736363636,-0.0636564765818182,-0.404785239945455,-0.266081292363636,0.114656709636364,-0.184842227972182
"37","STANDING",18,0.278458805890411,-0.0166353518150685,-0.108453355945205,-0.992019762739726,-0.95422343630137,-0.961873909178082,-0.990409919315068,-0.961239135479452,-0.975772813972603,-0.992789068493151,-0.952911994794521,-0.957216177945206
"38","SITTING",18,0.27727001877193,-0.0128691279736842,-0.111904775824561,-0.994347988596491,-0.974928131052632,-0.977572717017544,-0.993144920175439,-0.976538530350877,-0.982996441403509,-0.994906565789474,-0.974980068596491,-0.975722121403509
"39","LAYING",18,0.274691576923077,-0.0173937684615385,-0.107698927907692,-0.984527649230769,-0.986160920923077,-0.987658662307692,-0.985179972153846,-0.984909884615385,-0.988606906307692,-0.984321858307692,-0.986746450769231,-0.987224804307692
"40","WALKING",18,0.273887758571429,-0.0178023631866071,-0.104218315464286,-0.37600552125,-0.227005874892857,-0.428348061071429,-0.37147515625,-0.24360627125,-0.48977105125,-0.378068199285714,-0.267273644642857,-0.439861578035714
"41","WALKING_DOWNSTAIRS",18,0.288439468909091,-0.0168666920221818,-0.1033908092,-0.302634565090909,-0.254214045818182,-0.418610127454545,-0.350086793272727,-0.309049613818182,-0.505824358,-0.285535871636364,-0.273798158,-0.418258649818182
"42","WALKING_UPSTAIRS",18,0.265401201896552,-0.0222060684378914,-0.112655891327586,-0.380168286724138,-0.211155120224138,-0.31437339137931,-0.465097261896552,-0.363450742586207,-0.522728377068965,-0.350639840862069,-0.190550638155172,-0.269571390465517
"43","STANDING",20,0.278076904657534,-0.0180695049161644,-0.100402759931507,-0.967209961232877,-0.87541041109589,-0.913142481643836,-0.96193272890411,-0.898194212465753,-0.929985824794521,-0.96980617890411,-0.872525409452055,-0.910995860273973
"44","SITTING",20,0.278045439090909,-0.0147229305131818,-0.108369634515152,-0.983081858939394,-0.93612270469697,-0.929106396818182,-0.981203064242424,-0.945198619242424,-0.947597457121212,-0.98397837530303,-0.935031700454545,-0.924947175454545
"45","LAYING",20,0.239507882205882,-0.0144406281132353,-0.104274322538235,-0.962249114705882,-0.964098180294118,-0.972571998382353,-0.965728781617647,-0.965595958382353,-0.976392651323529,-0.960997907205882,-0.964960988382353,-0.971901324705882
"46","WALKING",20,0.272589336470588,-0.021199992245098,-0.113539477098039,-0.208342792019608,0.489771808627451,-0.228734217372549,-0.147404272166667,0.403465950921569,-0.272213861705882,-0.234985644352941,0.438436341294118,-0.26649772672549
"47","WALKING_DOWNSTAIRS",20,0.296144421355556,-0.00964120773155556,-0.104602925937778,0.0745098785288889,0.616937015333333,-0.160938536488889,-0.0343309987555556,0.524187686888889,-0.188098811986667,0.113033424261778,0.560191344,-0.213916756933333
"48","WALKING_UPSTAIRS",20,0.252098317156863,-0.0282258047588235,-0.121023947784314,-0.116088676011765,0.15219632835098,-0.229249455098039,-0.140439074776471,-0.0293832440223529,-0.318431522156863,-0.108444759592157,0.16454675022549,-0.242438965196078
"49","STANDING",24,0.280348883913043,-0.0144785340348986,-0.108222553855072,-0.98725587115942,-0.936871974347826,-0.930283530144928,-0.984183633623188,-0.948970158405797,-0.953817599275362,-0.988851853478261,-0.934454791304348,-0.923802467681159
"50","SITTING",24,0.273475690147059,-0.0131255097938235,-0.103041061426471,-0.990593766617647,-0.956255962058824,-0.957056111470588,-0.989529506764706,-0.962773200147059,-0.966991781176471,-0.991100005441176,-0.954998005147059,-0.954402697794118
"51","LAYING",24,0.272850494930556,-0.0173555210111111,-0.107236237236111,-0.967984021111111,-0.983126461944444,-0.973566958888889,-0.975893687083333,-0.980830362083333,-0.976634815694444,-0.965167081805556,-0.984571808472222,-0.973057781805556
"52","WALKING",24,0.276980816034483,-0.0225446400534483,-0.110595952913793,-0.47076236637931,-0.154127498163793,-0.288840016206897,-0.492419802586207,-0.203193741396552,-0.344493013448276,-0.462733639137931,-0.182766476862069,-0.314646918448276
"53","WALKING_DOWNSTAIRS",24,0.288631208909091,-0.0145730348310909,-0.104818820272727,-0.08273248054,-0.102607326783636,-0.205566380745455,-0.222324293454545,-0.0861829752472727,-0.173825083587273,-0.0349085946785455,-0.169191147529091,-0.291553822381818
"54","WALKING_UPSTAIRS",24,0.269881106779661,-0.0251979434569492,-0.114248610966102,-0.344399351355932,-0.116804488966102,-0.255601012881356,-0.395790553898305,-0.252412541966102,-0.312792211016949,-0.326165553050847,-0.107787679328814,-0.28314344338983
"55","STANDING",1,0.278917629056604,-0.0161375901037736,-0.110601817735849,-0.995759901509434,-0.973190056415094,-0.979775876981132,-0.995249932641509,-0.977070847735849,-0.985297098679245,-0.99602834509434,-0.972293102075472,-0.977937259622642
"56","SITTING",1,0.261237565425532,-0.00130828765170213,-0.104544182255319,-0.977229008297872,-0.922618641914894,-0.93958629106383,-0.979641238723404,-0.944084550425532,-0.959184889148936,-0.976412313191489,-0.917275006382979,-0.934469558085106
"57","LAYING",1,0.22159824394,-0.0405139534294,-0.11320355358,-0.9280564692,-0.83682740562,-0.826061401628,-0.9390990524,-0.86706520518,-0.8826668762,-0.9244374346,-0.8336255561,-0.81289155944
"58","WALKING",1,0.277330758736842,-0.0173838185273684,-0.111148103547368,-0.283740258842105,0.114461336747368,-0.260027902210526,-0.202794306326316,0.0897127264021053,-0.331560117789474,-0.319134719578947,0.056040006846,-0.279686751494737
"59","WALKING_DOWNSTAIRS",1,0.289188320408163,-0.00991850461020408,-0.107566190908163,0.0300353383483878,-0.0319359434489796,-0.230434213204082,0.0382291831510204,0.00154990783591837,-0.225574471693878,0.0243308391387755,-0.112963739953061,-0.297927894693878
"60","WALKING_UPSTAIRS",1,0.255461689622641,-0.0239531492643396,-0.0973020020943396,-0.35470802509434,-0.00232026501698113,-0.0194792388471698,-0.404321784150943,-0.190976720811321,-0.433349702075472,-0.337428188679245,0.0217695106566038,0.0859565543849057
"61","STANDING",3,0.280046513278689,-0.0143376555065574,-0.101621722633148,-0.96674254295082,-0.893449307213115,-0.911419015081967,-0.960123409508197,-0.908075353770492,-0.939507735245902,-0.969931287377049,-0.89243434852459,-0.904801254590164
"62","SITTING",3,0.257197599134615,-0.00350299841730769,-0.0983579203269231,-0.971010120961538,-0.856617812115385,-0.875110175384615,-0.970154440961538,-0.891907751346154,-0.917987925384615,-0.971605878461538,-0.8496556575,-0.864322464038462
"63","LAYING",3,0.275516852741935,-0.0189556785048387,-0.101300477506452,-0.982776639193548,-0.962057544516129,-0.96369103483871,-0.980665609032258,-0.961169982903226,-0.968332141612903,-0.983691129032258,-0.964094604193548,-0.96327908016129
"64","WALKING",3,0.275567462068966,-0.0171767844203448,-0.112674859827586,-0.360356726034483,-0.0699140652103448,-0.387411994310345,-0.316614011689655,-0.0813024353275862,-0.412374074482759,-0.379276781206897,-0.124030832001724,-0.422998473965517
"65","WALKING_DOWNSTAIRS",3,0.292423484693878,-0.0193554079328571,-0.116139842908163,-0.0574100475102041,-0.0331503723387755,-0.362240245489796,-0.0421706943244898,-0.00770048300204082,-0.404452414285714,-0.0654417192653061,-0.109722354322449,-0.389723034061224
"66","WALKING_UPSTAIRS",3,0.260819873067797,-0.0324109410555932,-0.110064863437288,-0.313123437627119,0.0116280813372881,-0.369754604067797,-0.392004211474576,-0.0788094156644068,-0.504494528474576,-0.285333024050847,-0.00803987529661017,-0.350797226271186
"67","STANDING",5,0.282544390892857,-0.00700418554517857,-0.102171095696429,-0.968591815714286,-0.869439913392857,-0.869327321785714,-0.964500917321429,-0.890796360535714,-0.915083799107143,-0.97066840875,-0.867933178017857,-0.858231387857143
"68","SITTING",5,0.273694139545455,-0.00990083527045455,-0.108540300265909,-0.980945022045455,-0.904335121022727,-0.926094740227273,-0.977450812045455,-0.921434735681818,-0.946064216818182,-0.9825908425,-0.9022915301,-0.92184351
"69","LAYING",5,0.278334325576923,-0.0183042123269231,-0.107937603673077,-0.965934509615385,-0.969295613269231,-0.968562516346154,-0.968741678461538,-0.965419520961538,-0.977007724615385,-0.964953893653846,-0.972909186730769,-0.965882191153846
"70","WALKING",5,0.27784234625,-0.0172850317482679,-0.107741776464286,-0.294098534232143,0.0767484028053571,-0.45702143625,-0.287782607410714,0.00946037755178572,-0.490251090714286,-0.297517355196429,0.0426026830839286,-0.483059957321429
"71","WALKING_DOWNSTAIRS",5,0.29354392712766,-0.00850107533191489,-0.100319930659574,0.275046110468085,0.0907630761042553,-0.325891435319149,0.0984320090212766,0.0792280694042553,-0.374740089574468,0.336554724893617,0.0268269875085106,-0.353397850212766
"72","WALKING_UPSTAIRS",5,0.268459469914894,-0.0325269755153191,-0.107471453914894,-0.0457237779851064,0.185022459476596,-0.308938978787234,-0.161485339978723,0.0728903158085106,-0.457470676808511,-0.00473819670425532,0.165037631180851,-0.28925665906383
"73","STANDING",6,0.280346248596491,-0.0181236327175439,-0.112172831947368,-0.981758159649123,-0.921493191754386,-0.925692371929825,-0.977100287368421,-0.930336471754386,-0.942864017017544,-0.984067374035088,-0.921449111052632,-0.922067224210526
"74","SITTING",6,0.276778487454545,-0.0145911615290909,-0.110127728709091,-0.980164933636364,-0.923682131090909,-0.925797097090909,-0.975351454727273,-0.928264365454545,-0.935798115272727,-0.982451284727273,-0.925676956,-0.925768475636364
"75","LAYING",6,0.248656520140351,-0.0102529170561404,-0.133119570368421,-0.934049422052632,-0.924644826385965,-0.925216100350877,-0.939114254210526,-0.923706791403509,-0.938044912280702,-0.932462941461404,-0.929711219929825,-0.924004748421053
"76","WALKING",6,0.283658868070175,-0.0168954189082456,-0.110303165877193,-0.296538717368421,0.164213884996491,-0.504324207192982,-0.187934323140351,0.140781621991228,-0.498520164385965,-0.34522769,0.101699642168947,-0.550474621754386
"77","WALKING_DOWNSTAIRS",6,0.277045258145833,-0.019536840063125,-0.107209356208333,0.383681639791667,0.360164958768542,-0.320204232520417,0.328308506041667,0.339771173822917,-0.277602590916667,0.403369766666667,0.283247837625,-0.4060143105
"78","WALKING_UPSTAIRS",6,0.268229355098039,-0.0272425385070588,-0.122082438784314,-0.0501350188513725,0.189276117327451,-0.353519514896078,-0.131075372803922,0.0978035099588235,-0.42724809972549,-0.0211335627276471,0.159123777172549,-0.36587418445098
"79","STANDING",7,0.282723539433962,-0.0145740341037736,-0.0997778303207547,-0.979307570377358,-0.923400921886792,-0.917064168490566,-0.976681834339623,-0.941883783773585,-0.938550519811321,-0.980541336037736,-0.919118753018868,-0.912358813773585
"80","SITTING",7,0.284674637291667,-0.01461097580375,-0.122464597625,-0.972668374583333,-0.909454698541667,-0.8565329414375,-0.972697126875,-0.93149063375,-0.904675337916667,-0.972879966041667,-0.904629195833333,-0.844083052916667
"81","LAYING",7,0.250176694038462,-0.0204411516884615,-0.101361036576923,-0.93651361,-0.926262668653846,-0.952978365961539,-0.953424245576923,-0.942193953846154,-0.958611644615385,-0.931120580576923,-0.922917902307692,-0.953380646346154
"82","WALKING",7,0.275592961754386,-0.018653665345614,-0.110912234947368,-0.327243240701754,-0.0772618561052631,0.159631283261403,-0.343048405789474,-0.0641564202736842,0.0385832252345614,-0.322034908070175,-0.143721823263158,0.133316828089298
"83","WALKING_DOWNSTAIRS",7,0.28030708,-0.0166332372978723,-0.096938308587234,0.0660815600978723,-0.138179072734043,-0.0636402447755319,0.0443428315319149,-0.145302311446808,-0.139216222106383,0.0730110797851064,-0.190187141297872,-0.100121492529787
"84","WALKING_UPSTAIRS",7,0.248706923078431,-0.0275639005607843,-0.143769688803922,-0.29487297445098,-0.32616002254902,-0.145665025639216,-0.336199426470588,-0.381590523137255,-0.317461021372549,-0.279870086215686,-0.341025552941176,-0.124912269443137
"85","STANDING",8,0.279620986111111,-0.0148113067148148,-0.106114996837037,-0.988815418148148,-0.938479429074074,-0.926065255185185,-0.988219862222222,-0.9500491,-0.950362935555556,-0.98918374962963,-0.936231722777778,-0.919744963888889
"86","SITTING",8,0.267491472934783,-0.00672550621304348,-0.104461049130435,-0.979026152391304,-0.927331997021739,-0.939553030217391,-0.981142909782609,-0.94421971826087,-0.959436275869565,-0.978256730652174,-0.923829969347826,-0.933889846521739
"87","LAYING",8,0.261254282907407,-0.0212281733881481,-0.102245365611111,-0.94304121537037,-0.93489116,-0.932491454407407,-0.953538563888889,-0.951816663703704,-0.944269514074074,-0.940125298333333,-0.931236756962963,-0.931146497518519
"88","WALKING",8,0.27468631,-0.0186628865310417,-0.107252090833333,-0.173605736002083,0.380782052708333,-0.1420885318125,-0.247389011875,0.316982393333333,-0.238634594791667,-0.148386858858333,0.32484493125,-0.158437341970833
"89","WALKING_DOWNSTAIRS",8,0.283484089210526,-0.0211058674973684,-0.107598135394737,0.0241393473736842,0.343826273105263,0.1337170395,0.136590199860526,0.388412779763158,0.159589756534211,-0.0260463260078947,0.232184078052632,0.0214914840105263
"90","WALKING_UPSTAIRS",8,0.258880152048781,-0.0282415136341463,-0.11512211995122,-0.171712174634146,0.348768733170732,0.121187278790244,-0.166411065387805,0.263431399878049,-0.0729496941121951,-0.175284990170732,0.30540146,0.133766193578049
"91","STANDING",11,0.277715562765957,-0.0171990886595745,-0.108686630425532,-0.994978878723404,-0.964173331702128,-0.986382712765957,-0.993808050638298,-0.968703072553191,-0.987669785531915,-0.995573762978723,-0.96350679,-0.985958517446809
"92","SITTING",11,0.276590197358491,-0.0149195616754717,-0.112840218339623,-0.982796562075472,-0.921402118113208,-0.968370181886792,-0.981481454339623,-0.934503182830189,-0.972855110377359,-0.983389810188679,-0.920047161698113,-0.967884390943396
"93","LAYING",11,0.280592970877193,-0.0176598052315789,-0.108786578070175,-0.98477733,-0.972196873859649,-0.971311176842105,-0.983801365614035,-0.971403935438596,-0.973576812807018,-0.985322211929825,-0.973589287368421,-0.971668077017544
"94","WALKING",11,0.271821892881356,-0.0166475833623729,-0.106096304033898,-0.422842071864407,-0.0522120750440678,-0.530626311355932,-0.396533731864407,-0.0830478435976271,-0.616402910169492,-0.433703311525424,-0.0966068285372881,-0.523093394915254
"95","WALKING_DOWNSTAIRS",11,0.291605631956522,-0.0178097721219565,-0.111070149978261,0.142456557034783,0.0708122725543478,-0.324026938043478,0.0351937228130435,0.0247508134326087,-0.377624755652174,0.179906764395652,0.0262777181065217,-0.348626581521739
"96","WALKING_UPSTAIRS",11,0.263775859277778,-0.0303157822055556,-0.106797216481481,-0.238802959018519,-0.103167501868519,-0.203369399185185,-0.355348902222222,-0.254645206944444,-0.551742083518519,-0.198733655611111,-0.0885048145574074,-0.113701770190741
"97","STANDING",14,0.280545613833333,-0.01520781344,-0.103817701790667,-0.973268905,-0.928525725333333,-0.9222763115,-0.9726995625,-0.942178248333333,-0.9424220265,-0.973605553666667,-0.926055903,-0.917781858666667
"98","SITTING",14,0.279990577037037,-0.00870565463888889,-0.100401490425926,-0.976302248148148,-0.914935703907407,-0.922774835740741,-0.976456609259259,-0.932644766111111,-0.944126078888889,-0.976303056851852,-0.911591208203704,-0.917678155296296
"99","LAYING",14,0.233275439803922,-0.0113424652490196,-0.0868333315509804,-0.917501887333333,-0.909697040980392,-0.900331921686275,-0.933936178235294,-0.930366906078431,-0.927882307058824,-0.911972655156863,-0.905221049156863,-0.894055710980392
"100","WALKING",14,0.271959598644068,-0.0217785380966102,-0.106756369135593,-0.402639098135593,-0.0536126686650847,0.0518841040022034,-0.421498172542373,-0.174601844847458,-0.177366434042373,-0.395859985762712,-0.0542709972186441,0.0854892136933898
"101","WALKING_DOWNSTAIRS",14,0.293422115555556,-0.0200141413657778,-0.0928330165533333,0.0178313402266667,0.378870491755556,0.451576075111111,0.0212541553977778,0.3714824704,0.280735952206667,0.0140826092322222,0.29363389996,0.427563832371111
"102","WALKING_UPSTAIRS",14,0.26242106612963,-0.0204388180024074,-0.112279688983333,-0.309396717592593,0.307195533,0.609017879074074,-0.323508442240741,0.0163939234574074,0.191693742633333,-0.304980247962963,0.356072772037037,0.687124163703704
"103","STANDING",15,0.278915803962264,-0.0183516360396226,-0.105910832679245,-0.988949247358491,-0.931900148301887,-0.951670257924528,-0.986724998867925,-0.943348788679245,-0.965473514528302,-0.990060962641509,-0.930286443396226,-0.947905911320755
"104","SITTING",15,0.27290337979661,-0.0117188472271186,-0.11366125320339,-0.987084356101695,-0.922407162881356,-0.949338025084746,-0.986619609491525,-0.938926430779661,-0.963227004915254,-0.987384778983051,-0.919162700338983,-0.945704713050847
"105","LAYING",15,0.2894756525,-0.0166296542054167,-0.118530240291667,-0.972255551527778,-0.962759422361111,-0.929586835277778,-0.974016176527778,-0.962461124305556,-0.95156594625,-0.971718824583333,-0.964590430138889,-0.923923991944444
"106","WALKING",15,0.273899207962963,-0.0170809740090741,-0.107621819518519,-0.327961801111111,0.138912923691296,-0.518932634814815,-0.31744092037037,0.111321097159074,-0.554942138148148,-0.332520626851852,0.0805646237194445,-0.537026414814815
"107","WALKING_DOWNSTAIRS",15,0.280198851190476,-0.00563047804309524,-0.110526066428571,0.406471051190476,0.186532377428571,-0.281982181666667,0.235309825547619,0.167518099964286,-0.259812204547619,0.466325681428571,0.1199936036,-0.357407559285714
"108","WALKING_UPSTAIRS",15,0.270187595833333,-0.0287523860708333,-0.116952464895833,-0.0260971840270833,-0.00406536043541667,-0.379717488104167,-0.0746328434375,-0.1019354328,-0.5395910825,-0.00838243761666667,-0.0191328333041667,-0.349600353270833
"109","STANDING",16,0.283497402948718,-0.0165999672935897,-0.103657729076923,-0.989076811794872,-0.960298267692308,-0.953468961666667,-0.989427670897436,-0.96931401525641,-0.969999504230769,-0.989100620641026,-0.958174310128205,-0.948540267051282
"110","SITTING",16,0.280768574492754,-0.0102497939956522,-0.0891404038405797,-0.986825605362319,-0.951607872463768,-0.939672247101449,-0.987043828985507,-0.961456685507246,-0.959552230434783,-0.986892418405797,-0.949829260434783,-0.934652146521739
"111","LAYING",16,0.274227162571429,-0.0166103510562857,-0.107310493242857,-0.973691429428571,-0.943061150285714,-0.965490276285714,-0.980213187428571,-0.963635575142857,-0.974580069142857,-0.971409075142857,-0.937083636714286,-0.962524372714286
"112","WALKING",16,0.276023564509804,-0.0204286929452941,-0.108804049803922,-0.404692523921569,-0.314569762352941,-0.159799790235294,-0.394790433529412,-0.321500667843137,-0.244363048235294,-0.409070488039216,-0.354370678627451,-0.180501317941176
"113","WALKING_DOWNSTAIRS",16,0.295586802191489,-0.0183898583787234,-0.119873705148936,0.207251997929787,-0.146993837655319,0.0114353944787234,0.0368263528276596,-0.134598352726809,-0.04769426376,0.266115492098298,-0.208680587882979,-0.0379716239787234
"114","WALKING_UPSTAIRS",16,0.255986102627451,-0.0143654945011765,-0.124074517745098,-0.397083831568627,-0.163732745078431,-0.129283825721569,-0.474984014705882,-0.268063812745098,-0.335853041176471,-0.369636140980392,-0.166324239117647,-0.094561233145098
"115","STANDING",17,0.277942503333333,-0.0174120064169231,-0.111432145565,-0.991163919871795,-0.968176663717949,-0.970462679230769,-0.990927533846154,-0.97417056948718,-0.980231575769231,-0.991318528333333,-0.966427323846154,-0.966999000897436
"116","SITTING",17,0.2773570196875,-0.014156274084375,-0.11362408509375,-0.9944439053125,-0.96185862984375,-0.96572919578125,-0.9939693815625,-0.96992798921875,-0.97484160453125,-0.99465731359375,-0.959789141875,-0.96292107328125
"117","LAYING",17,0.269780085577465,-0.0168462006729577,-0.107006279704225,-0.972960567323944,-0.944792875211268,-0.953476700140845,-0.974359280140845,-0.954648102253521,-0.965406091549296,-0.972438525352113,-0.942791615915493,-0.950116956478873
"118","WALKING",17,0.272341855245902,-0.0184875403339344,-0.109792122032787,-0.31950017295082,-0.0175797885542623,-0.265824489180328,-0.360991674918033,-0.0650267622126229,-0.382832802295082,-0.304806274098361,-0.0556137930852459,-0.262391594918033
"119","WALKING_DOWNSTAIRS",17,0.29391828326087,-0.0167359404347826,-0.0892432745173913,0.187719760269565,-0.0607892037384783,-0.231064156615217,-0.0226239171245652,-0.130272514565217,-0.3180818605,0.258941676302174,-0.0860527358695652,-0.245413541641304
"120","WALKING_UPSTAIRS",17,0.252604768583333,-0.0228645614308333,-0.121290442104167,-0.062952754100625,-0.0131721014395833,-0.230220954239583,-0.1397522212625,-0.1175197356,-0.3999234945625,-0.0355381172854167,-0.0252781736083333,-0.2048157105
"121","STANDING",19,0.27817226,-0.0154244056945205,-0.10904190460274,-0.989910996849315,-0.944430270684931,-0.952599653972603,-0.987352048356164,-0.952872872465753,-0.968543351780822,-0.991161671369863,-0.943193755068493,-0.947753961643836
"122","SITTING",19,0.273830316164384,-0.016739260030137,-0.10870765430137,-0.976357663013699,-0.950388943972603,-0.951929615068493,-0.979238031780822,-0.960763181917808,-0.96633509109589,-0.975204245342466,-0.948053070136986,-0.947514931780822
"123","LAYING",19,0.272653733493976,-0.0171426864421687,-0.10898146186747,-0.965019579518072,-0.973449968554217,-0.984672837228916,-0.97453373,-0.972798824096386,-0.985340447349398,-0.962085001204819,-0.974832075662651,-0.984740998192771
"124","WALKING",19,0.273931172307692,-0.0191773587903846,-0.122736673192308,-0.0489049407963462,0.181801561185577,-0.13947794235,-0.0299815666923077,0.169258575663077,-0.104423357596154,-0.0578820787019231,0.112615077990385,-0.233872331063462
"125","WALKING_DOWNSTAIRS",19,0.262688053871795,-0.0145942275069487,-0.133695240660974,0.626917070512821,0.514816445641026,0.049322451025641,0.537012022051282,0.494457802230769,0.110659220744872,0.658506543333333,0.427928785230769,-0.0783635041538461
"126","WALKING_UPSTAIRS",19,0.242118808925,-0.0303986615775,-0.151054607725,-0.1287420952375,0.176349922525,-0.1904685504575,-0.15687949467775,0.111818164225,-0.2196444734075,-0.11993477534,0.13255758081125,-0.2399806950525
"127","STANDING",21,0.27695224258427,-0.0167084730205618,-0.110417855808989,-0.981419961123596,-0.943601625393258,-0.946123407078652,-0.978327686179775,-0.949694904269663,-0.960274142134831,-0.982892836629213,-0.94354515752809,-0.942458908314607
"128","SITTING",21,0.277539616823529,-0.0144009705494118,-0.112057887741176,-0.991777287176471,-0.966877560941176,-0.959567861764706,-0.990610228,-0.968060947058824,-0.970859342941176,-0.992375229411765,-0.96756129,-0.956412505058824
"129","LAYING",21,0.271325472455556,-0.0184233048415556,-0.103253832233333,-0.955019866222222,-0.956959422222222,-0.945653787777778,-0.968234375555556,-0.960069247,-0.961772190555556,-0.950929451222222,-0.957258971111111,-0.940919006555556
"130","WALKING",21,0.279183526730769,-0.0181610317526923,-0.104319332403846,-0.297814843538462,0.0540880509209615,-0.16868872575,-0.273496158519231,0.0338465813711538,-0.300309066730769,-0.308547185288462,-0.00256294245192308,-0.164961027194231
"131","WALKING_DOWNSTAIRS",21,0.3014610196,-0.0173195390157778,-0.09816866218,0.224343492244444,0.301336399711111,-0.0717893558666667,0.104323529982222,0.181138042506667,-0.0769713066866667,0.266987750733333,0.277894323022222,-0.145081705591111
"132","WALKING_UPSTAIRS",21,0.265194544680851,-0.0237218695148936,-0.125414265340426,-0.240808282276596,0.109787469104255,-0.219707928574468,-0.319169340234043,0.0221598658106383,-0.321712974042553,-0.213184048,0.0823434279595745,-0.22716417293617
"133","STANDING",22,0.279053861587302,-0.0158563207496825,-0.104967423820635,-0.985000527142857,-0.922693288412698,-0.942201655238095,-0.980373909206349,-0.929161387619048,-0.957101794126984,-0.987400306031746,-0.923657558412698,-0.938409884920635
"134","SITTING",22,0.273583822709677,-0.0123468446419355,-0.105827369516129,-0.978466823709677,-0.928059133795645,-0.917564853870968,-0.978505368225806,-0.939546007903226,-0.946635312419355,-0.97862319016129,-0.926995253483871,-0.909344305645161
"135","LAYING",22,0.279959721194444,-0.0142629864502778,-0.110800924652778,-0.947735251944444,-0.913276301666667,-0.942945807916667,-0.953758542777778,-0.925524703472222,-0.954219235555556,-0.945656808055556,-0.912562856666667,-0.941163951388889
"136","WALKING",22,0.27886459,-0.0167213607957174,-0.107112510934783,-0.00865921919565217,0.100384246321739,-0.213351968804348,-0.0994928588891304,0.145367520371739,-0.25521651373913,0.0243958191369565,0.00386841059347826,-0.253643608304348
"137","WALKING_DOWNSTAIRS",22,0.284458963861111,-0.0197999371686389,-0.1074157796,0.348618168333333,0.239812250944444,-0.325722718055556,0.195348406222222,0.225766560777778,-0.322795653888889,0.402891960277778,0.167409716861111,-0.383242679444444
"138","WALKING_UPSTAIRS",22,0.248391534566667,-0.0268622561133333,-0.117550861738095,0.0835738640921429,0.250067523738095,-0.109613216345238,-0.0553996485285714,0.13068653882619,-0.228019952309524,0.132048813464286,0.230058772192857,-0.116753339559524
"139","STANDING",23,0.277899323235294,-0.0177475547867647,-0.1105970177575,-0.985421519558824,-0.9584444925,-0.929409745147059,-0.983627197058824,-0.962831825294118,-0.945170568823529,-0.986333385588235,-0.958042411176471,-0.926110099117647
"140","SITTING",23,0.273351251617647,-0.0133945015676471,-0.103808679294118,-0.987607636617647,-0.934933559264706,-0.905584390323529,-0.986325670882353,-0.953460406470588,-0.942031166764706,-0.988345258235294,-0.930781487205882,-0.896125263911765
"141","LAYING",23,0.274038007986111,-0.0216553835833333,-0.104256776291667,-0.956756363194444,-0.976309827361111,-0.973223495416667,-0.970037238333333,-0.982072295833333,-0.977515213888889,-0.952410957638889,-0.974304149166667,-0.972261283055556
"142","WALKING",23,0.273211884237288,-0.0183618711932203,-0.113382994084746,-0.313521773389831,-0.119020586510678,0.164220685383051,-0.275404187920339,-0.0724367317966102,0.0814081078542373,-0.329807279830508,-0.202524061966102,0.1161434407
"143","WALKING_DOWNSTAIRS",23,0.289897411148148,-0.0162111457238889,-0.0988123712574074,0.0441392843425926,0.10825903416963,0.229898742944444,0.205428216353704,0.0959432893981482,0.280518877574074,-0.0282962478037037,0.0432283686975926,0.0947940973814815
"144","WALKING_UPSTAIRS",23,0.249995171031373,-0.0323844029237255,-0.126890616782353,-0.243887818513725,0.0448435785868627,0.10080118935098,-0.272605689568627,-0.0769773944803922,-0.070577489272549,-0.234309548019608,0.0380597405498039,0.104508755759412
"145","STANDING",25,0.278013701621622,-0.0163569730274324,-0.107352957594595,-0.991970126756757,-0.954569225945946,-0.964642688108108,-0.990093202837838,-0.959846189054054,-0.974051231216216,-0.992851743243243,-0.95417933,-0.96212373972973
"146","SITTING",25,0.278541482461538,-0.0147696808030769,-0.109160440476923,-0.991892828615385,-0.947457617061538,-0.965139552153846,-0.991405498153846,-0.959117259384615,-0.974776131230769,-0.992124279384615,-0.944842993230769,-0.962090614615385
"147","LAYING",25,0.250791828613699,-0.0188943663671233,-0.100428830260274,-0.909116474109589,-0.691770680561644,-0.717262004013699,-0.929147371232877,-0.78494581909589,-0.816197953561644,-0.902547712465753,-0.67238425569863,-0.694100368012329
"148","WALKING",25,0.278992759054054,-0.0186477624716216,-0.108737636297297,-0.596007443513514,-0.161852411581081,-0.437133403243243,-0.609038908918919,-0.251880271094595,-0.533563220540541,-0.591449956486486,-0.170313804039189,-0.430624587162162
"149","WALKING_DOWNSTAIRS",25,0.291329666206897,-0.0210170522987931,-0.107192376965517,-0.253756934258621,-0.14054060387069,-0.457972381896552,-0.372245192931034,-0.196381053741379,-0.556097089137931,-0.213028874331034,-0.166842375587931,-0.449465441724138
"150","WALKING_UPSTAIRS",25,0.277995411384615,-0.0269863524264615,-0.126210440292308,-0.459775646153846,-0.223086808769231,-0.296523975076923,-0.521649838769231,-0.380150805384615,-0.542931828,-0.437975786923077,-0.199988428584615,-0.237296741292308
"151","STANDING",26,0.281127035405405,-0.0166608306652703,-0.110237796416216,-0.993069368783784,-0.949466155405405,-0.962988401351351,-0.991993372297297,-0.958402317837838,-0.97321515527027,-0.993702408378378,-0.947829677432432,-0.960027795540541
"152","SITTING",26,0.258243530166667,-0.00713364541358974,-0.0974448692333333,-0.979768987948718,-0.94079896551282,-0.950004414102564,-0.982579546025641,-0.954299410641026,-0.967519149358974,-0.978755176794872,-0.937783538974359,-0.94478134025641
"153","LAYING",26,0.271645864540789,-0.0191895728026316,-0.105002540289474,-0.969445445263158,-0.983231351842105,-0.984500013157895,-0.973262289210526,-0.983664034342105,-0.984923123552632,-0.967971891447368,-0.983317083947368,-0.984854487894737
"154","WALKING",26,0.279264443728814,-0.0154259586949153,-0.108927011474576,-0.340185527559322,-0.136351391645763,-0.333486502542373,-0.321959549661017,-0.146702156576271,-0.33953964559322,-0.34799792561017,-0.185725832305085,-0.384445322372881
"155","WALKING_DOWNSTAIRS",26,0.2792845828,-0.01262580966778,-0.1064396194,0.17395384962,-0.011629910112,-0.284807676,0.022800096142,-0.006237000044,-0.2796400557,0.22678384386,-0.078283777824,-0.3466485178
"156","WALKING_UPSTAIRS",26,0.272691394545455,-0.0281633797398182,-0.121943461236364,-0.169006952418182,-0.0491726302763636,-0.404596936545455,-0.242820756127273,-0.185528313272727,-0.499502759272727,-0.142843838381818,-0.0439473073581818,-0.400902256363636
"157","STANDING",27,0.279566921625,-0.016593236445,-0.107835818025,-0.9919515835,-0.955171419,-0.962408444875,-0.99012181225,-0.961356141125,-0.97414624525,-0.99287582525,-0.954381606375,-0.958924794125
"158","SITTING",27,0.273941302571429,-0.0155269799285714,-0.105521912588571,-0.988580107714286,-0.971579125714286,-0.965858735142857,-0.988682108428571,-0.974057855571429,-0.974665817,-0.988659196428571,-0.971266062714286,-0.963220672571429
"159","LAYING",27,0.274102492432432,-0.0179867611216216,-0.107699732837838,-0.978455153108108,-0.983736043783784,-0.986636996081081,-0.980631846891892,-0.982915951891892,-0.987356589864865,-0.977615702567568,-0.984269087972973,-0.986582387972973
"160","WALKING",27,0.276849485438596,-0.0166478783221912,-0.112822289263158,-0.348475560526316,-0.187301214964912,-0.297318273508772,-0.308702374385965,-0.13678354122807,-0.312372595438596,-0.365256349298246,-0.267741550175439,-0.345515217192982
"161","WALKING_DOWNSTAIRS",27,0.2975441875,-0.0135564467159091,-0.112837694688636,0.167407531090909,-0.0979710029522727,-0.240040783340909,0.0829831545090909,-0.0626729573068182,-0.241600361090909,0.194912716568182,-0.17564706475,-0.303090701863636
"162","WALKING_UPSTAIRS",27,0.265770253921569,-0.0200953324078431,-0.123530438196078,-0.295439547254902,-0.0950104077,-0.23070787672549,-0.417607401176471,-0.249688517843137,-0.418886395098039,-0.253504065686275,-0.0794059822941176,-0.197338870980392
"163","STANDING",28,0.277795069113924,-0.0172635124672152,-0.106579385202532,-0.977748638607595,-0.875689216835443,-0.905123824177215,-0.97251980164557,-0.893430392658228,-0.934503028481013,-0.98026749,-0.87446926556962,-0.897600800886076
"164","SITTING",28,0.276977629444444,-0.0185404441258333,-0.111517939555556,-0.983272806805556,-0.939905244861111,-0.936667245694444,-0.979820142638889,-0.946351650416667,-0.952226786666667,-0.984956708611111,-0.939885478333333,-0.9330454775
"165","LAYING",28,0.2759134825,-0.0167537858225,-0.1083448529625,-0.9688882955,-0.945386780375,-0.956450342875,-0.9739308675,-0.958436369,-0.961115672375,-0.967324863875,-0.94200397775,-0.956770904875
"166","WALKING",28,0.281228223888889,-0.0156759722981481,-0.103714705396296,-0.293003522222222,-0.117886186425926,-0.300928395925926,-0.280062182962963,-0.127912276044444,-0.356337638518519,-0.298832423148148,-0.168789019540741,-0.326046195925926
"167","WALKING_DOWNSTAIRS",28,0.293642076521739,-0.0220230465913043,-0.10858897408913,0.125712887943478,0.156496646504348,-0.341031811521739,0.0890721752173913,0.186441733869565,-0.308161634195652,0.137797082826087,0.065301199843913,-0.416940283043478
"168","WALKING_UPSTAIRS",28,0.262005841764706,-0.0279443943478431,-0.121514025692157,-0.242062430294118,-0.146753877035294,-0.28598691372549,-0.266101343372549,-0.190589069119608,-0.401732939215686,-0.233726643921569,-0.178554981115686,-0.281685159607843
"169","STANDING",29,0.277965065846154,-0.0172605869061538,-0.108659067476923,-0.996068635384615,-0.969295721076923,-0.980207488923077,-0.995024039692308,-0.973345770461538,-0.984096024769231,-0.996604570307692,-0.968278553076923,-0.978802973692308
"170","SITTING",29,0.2771799775,-0.016630680375,-0.1104118192,-0.9907450195,-0.963222497833333,-0.968063878166667,-0.991093963666667,-0.969609501666667,-0.975623030833333,-0.990617521,-0.961693949333333,-0.965800974333333
"171","LAYING",29,0.287295196811594,-0.0171965484202899,-0.109462068173913,-0.984219555507246,-0.990240946666667,-0.987255149855072,-0.986626999275362,-0.989034304057971,-0.989473926666667,-0.983432309130435,-0.990680395362319,-0.986378776086957
"172","WALKING",29,0.271999916792453,-0.0162915600588679,-0.106632427301887,-0.174337940226415,-0.0917540612869811,-0.242828038264151,-0.135819505761321,-0.0349642325433962,-0.279734839433962,-0.190355976849057,-0.182068539584906,-0.283348100981132
"173","WALKING_DOWNSTAIRS",29,0.293140441083333,-0.01494121505625,-0.0981339984895833,0.167383602458333,-0.12246346700625,-0.223177999879167,0.110663200244167,-0.02122937175,-0.266692150208333,0.187438624270833,-0.239349053641667,-0.262073242045833
"174","WALKING_UPSTAIRS",29,0.265423066877551,-0.0299465312326531,-0.118000587840816,-0.0867715569693878,-0.122128287642857,0.0995443502346939,-0.109793480008163,-0.196011503540816,-0.320487882857143,-0.0790625306306122,-0.141258066657755,0.203057836877551
"175","STANDING",30,0.277112699152542,-0.0170163887813559,-0.108756209835593,-0.977559426949153,-0.891654527118644,-0.912850596949152,-0.972014050847458,-0.919475121186441,-0.938089774915254,-0.980426575762712,-0.885572781694915,-0.907286793050847
"176","SITTING",30,0.268336081379032,-0.00804731295322581,-0.099515446133871,-0.983622744193548,-0.937857000806452,-0.950654041290323,-0.985008785,-0.954076042258065,-0.966274090645161,-0.983231005483871,-0.933992577903226,-0.946203823387097
"177","LAYING",30,0.281033900571429,-0.0194494098614286,-0.1036581505,-0.976362515428571,-0.954201823857143,-0.967044236428571,-0.974789999285714,-0.959974274571429,-0.970321991714286,-0.977045260571429,-0.9535584,-0.967188198571429
"178","WALKING",30,0.276406758,-0.0175880385730769,-0.0986247068969231,-0.346394275230769,-0.173550021692308,-0.120476783907692,-0.351402910907692,-0.193856663907692,-0.309558882615385,-0.344928112461538,-0.215634315369231,-0.0931447617846154
"179","WALKING_DOWNSTAIRS",30,0.283190646967742,-0.0174383900204839,-0.0999781422322581,-0.0577703163548387,-0.0272628077709677,-0.217275690290323,-0.106966957087097,-0.0216637054241935,-0.25806736666129,-0.0405257091567742,-0.0934682613774194,-0.257393372287097
"180","WALKING_UPSTAIRS",30,0.271415642261538,-0.0253311698786154,-0.124697493775385,-0.350504475230769,-0.127311157607692,0.0249468034966154,-0.420402828153846,-0.297813768569231,-0.36751984,-0.326260358153846,-0.104299180318462,0.121447414920923
